ID,Name,Quantity,Price
1,Product1,68,42
2,Product2,101,335
3,Product3,125,170
4,Product4,159,479
5,Product5,65,463
6,Product6,146,206
7,Product7,28,282
8,Product8,92,462
9,Product9,143,496
10,Product10,37,328
11,Product11,5,392
12,Product12,154,403
13,Product13,183,293
14,Product14,117,422
15,Product15,96,219
16,Product16,127,448
17,Product17,139,272
18,Product18,113,370
19,Product19,100,168
20,Product20,95,36
21,Product21,12,204
22,Product22,134,323
23,Product23,65,174
24,Product24,112,142
25,Product25,69,254
26,Product26,45,48
27,Product27,158,163
28,Product28,60,38
29,Product29,142,224
30,Product30,179,30
31,Product31,36,317
32,Product32,43,191
33,Product33,107,289
34,Product34,143,41
35,Product35,49,265
36,Product36,6,447
37,Product37,130,391
38,Product38,151,371
39,Product39,102,7
40,Product40,149,394
41,Product41,24,130
42,Product42,155,85
43,Product43,41,257
44,Product44,177,467
45,Product45,109,432
46,Product46,40,445
47,Product47,124,127
48,Product48,139,38
49,Product49,83,119
50,Product50,142,430
51,Product51,116,334
52,Product52,59,140
53,Product53,131,205
54,Product54,107,478
55,Product55,187,174
56,Product56,146,22
57,Product57,73,425
58,Product58,30,271
59,Product59,174,278
60,Product60,113,98
61,Product61,91,487
62,Product62,37,162
63,Product63,168,356
64,Product64,175,156
65,Product65,53,32
66,Product66,151,351
67,Product67,125,442
68,Product68,31,467
69,Product69,192,108
70,Product70,138,8
71,Product71,88,458
72,Product72,184,254
73,Product73,110,446
74,Product74,159,210
75,Product75,189,222
76,Product76,147,423
77,Product77,31,7
78,Product78,169,414
79,Product79,192,401
80,Product80,56,263
81,Product81,160,411
82,Product82,138,125
83,Product83,84,49
84,Product84,42,96
85,Product85,151,103
86,Product86,37,292
87,Product87,21,375
88,Product88,22,97
89,Product89,200,349
90,Product90,85,169
91,Product91,135,282
92,Product92,200,54
93,Product93,139,419
94,Product94,189,401
95,Product95,68,128
96,Product96,94,229
97,Product97,84,149
98,Product98,22,308
99,Product99,18,311
100,Product100,115,314
101,Product101,17,310
102,Product102,52,436
103,Product103,50,101
104,Product104,157,20
105,Product105,104,299
106,Product106,9,225
107,Product107,10,345
108,Product108,103,490
109,Product109,86,196
110,Product110,144,94
111,Product111,188,24
112,Product112,104,315
113,Product113,1,449
114,Product114,19,459
115,Product115,197,81
116,Product116,82,299
117,Product117,199,90
118,Product118,158,10
119,Product119,23,473
120,Product120,93,39
121,Product121,180,39
122,Product122,58,191
123,Product123,192,459
124,Product124,89,316
125,Product125,112,157
126,Product126,35,203
127,Product127,56,273
128,Product128,47,329
129,Product129,87,363
130,Product130,34,376
131,Product131,143,370
132,Product132,17,345
133,Product133,199,382
134,Product134,52,323
135,Product135,100,22
136,Product136,77,58
137,Product137,190,393
138,Product138,113,76
139,Product139,111,101
140,Product140,70,4
141,Product141,89,362
142,Product142,190,402
143,Product143,24,256
144,Product144,186,3
145,Product145,86,183
146,Product146,27,89
147,Product147,158,118
148,Product148,133,333
149,Product149,155,170
150,Product150,190,222
151,Product151,130,477
152,Product152,93,369
153,Product153,156,426
154,Product154,150,435
155,Product155,113,442
156,Product156,61,146
157,Product157,154,219
158,Product158,24,140
159,Product159,197,280
160,Product160,130,188
161,Product161,38,50
162,Product162,150,367
163,Product163,196,194
164,Product164,17,298
165,Product165,106,287
166,Product166,83,489
167,Product167,135,456
168,Product168,102,115
169,Product169,72,317
170,Product170,64,287
171,Product171,156,314
172,Product172,54,186
173,Product173,9,413
174,Product174,146,333
175,Product175,157,314
176,Product176,159,322
177,Product177,183,147
178,Product178,145,482
179,Product179,23,197
180,Product180,162,130
181,Product181,51,36
182,Product182,67,174
183,Product183,60,45
184,Product184,40,293
185,Product185,25,254
186,Product186,111,155
187,Product187,50,246
188,Product188,114,187
189,Product189,23,475
190,Product190,19,169
191,Product191,106,288
192,Product192,192,459
193,Product193,26,203
194,Product194,15,478
195,Product195,25,315
196,Product196,75,335
197,Product197,160,373
198,Product198,71,334
199,Product199,98,488
200,Product200,178,19
201,Product201,71,274
202,Product202,69,264
203,Product203,186,193
204,Product204,81,103
205,Product205,28,214
206,Product206,100,303
207,Product207,26,28
208,Product208,125,44
209,Product209,173,24
210,Product210,182,62
211,Product211,33,4
212,Product212,194,6
213,Product213,32,226
214,Product214,143,493
215,Product215,87,223
216,Product216,101,65
217,Product217,161,188
218,Product218,175,414
219,Product219,171,271
220,Product220,34,236
221,Product221,161,212
222,Product222,68,397
223,Product223,151,286
224,Product224,95,141
225,Product225,25,196
226,Product226,126,20
227,Product227,95,77
228,Product228,103,159
229,Product229,67,372
230,Product230,194,179
231,Product231,85,352
232,Product232,65,19
233,Product233,153,120
234,Product234,88,301
235,Product235,127,61
236,Product236,158,11
237,Product237,116,171
238,Product238,28,77
239,Product239,159,44
240,Product240,110,165
241,Product241,87,383
242,Product242,88,66
243,Product243,75,78
244,Product244,28,126
245,Product245,129,130
246,Product246,121,424
247,Product247,163,403
248,Product248,197,124
249,Product249,62,238
250,Product250,126,196
251,Product251,61,265
252,Product252,117,203
253,Product253,127,31
254,Product254,172,12
255,Product255,148,412
256,Product256,121,154
257,Product257,125,291
258,Product258,164,189
259,Product259,52,441
260,Product260,30,163
261,Product261,114,401
262,Product262,179,459
263,Product263,8,366
264,Product264,1,478
265,Product265,40,59
266,Product266,161,304
267,Product267,125,358
268,Product268,109,478
269,Product269,88,114
270,Product270,51,302
271,Product271,29,461
272,Product272,185,494
273,Product273,141,406
274,Product274,105,112
275,Product275,157,336
276,Product276,151,73
277,Product277,86,324
278,Product278,17,57
279,Product279,158,127
280,Product280,158,27
281,Product281,72,338
282,Product282,162,370
283,Product283,23,397
284,Product284,113,118
285,Product285,97,218
286,Product286,42,86
287,Product287,130,424
288,Product288,166,230
289,Product289,133,60
290,Product290,56,297
291,Product291,163,54
292,Product292,135,85
293,Product293,173,155
294,Product294,170,458
295,Product295,164,33
296,Product296,84,108
297,Product297,36,412
298,Product298,49,68
299,Product299,139,176
300,Product300,143,224
301,Product301,112,255
302,Product302,176,242
303,Product303,26,460
304,Product304,71,222
305,Product305,135,127
306,Product306,184,206
307,Product307,199,351
308,Product308,102,280
309,Product309,135,194
310,Product310,135,138
311,Product311,194,57
312,Product312,106,177
313,Product313,149,463
314,Product314,101,382
315,Product315,42,414
316,Product316,56,356
317,Product317,63,143
318,Product318,78,112
319,Product319,79,425
320,Product320,44,253
321,Product321,74,297
322,Product322,114,41
323,Product323,73,376
324,Product324,11,319
325,Product325,133,18
326,Product326,96,113
327,Product327,32,170
328,Product328,89,41
329,Product329,91,186
330,Product330,190,498
331,Product331,146,491
332,Product332,115,354
333,Product333,141,152
334,Product334,59,45
335,Product335,160,336
336,Product336,6,193
337,Product337,182,265
338,Product338,30,4
339,Product339,9,276
340,Product340,198,293
341,Product341,157,50
342,Product342,28,62
343,Product343,142,468
344,Product344,41,130
345,Product345,175,314
346,Product346,78,102
347,Product347,84,216
348,Product348,193,214
349,Product349,2,325
350,Product350,160,393
351,Product351,29,171
352,Product352,85,28
353,Product353,187,76
354,Product354,171,499
355,Product355,48,288
356,Product356,104,105
357,Product357,64,222
358,Product358,164,207
359,Product359,172,11
360,Product360,41,490
361,Product361,143,165
362,Product362,114,120
363,Product363,105,92
364,Product364,33,319
365,Product365,6,251
366,Product366,140,476
367,Product367,23,304
368,Product368,48,99
369,Product369,49,85
370,Product370,65,472
371,Product371,76,414
372,Product372,113,46
373,Product373,79,47
374,Product374,63,270
375,Product375,186,20
376,Product376,145,290
377,Product377,141,366
378,Product378,109,246
379,Product379,71,319
380,Product380,124,102
381,Product381,73,133
382,Product382,88,153
383,Product383,164,71
384,Product384,104,402
385,Product385,128,424
386,Product386,170,101
387,Product387,166,16
388,Product388,144,29
389,Product389,89,348
390,Product390,38,444
391,Product391,64,410
392,Product392,82,50
393,Product393,143,89
394,Product394,61,109
395,Product395,159,222
396,Product396,89,455
397,Product397,91,147
398,Product398,44,450
399,Product399,21,431
400,Product400,68,249
401,Product401,184,37
402,Product402,27,36
403,Product403,39,186
404,Product404,30,354
405,Product405,149,225
406,Product406,160,424
407,Product407,167,258
408,Product408,156,445
409,Product409,127,319
410,Product410,26,412
411,Product411,2,356
412,Product412,97,50
413,Product413,116,85
414,Product414,143,465
415,Product415,114,76
416,Product416,197,143
417,Product417,73,449
418,Product418,7,427
419,Product419,30,174
420,Product420,106,405
421,Product421,13,127
422,Product422,94,376
423,Product423,37,66
424,Product424,142,237
425,Product425,195,315
426,Product426,53,257
427,Product427,39,437
428,Product428,156,483
429,Product429,132,16
430,Product430,42,231
431,Product431,12,126
432,Product432,187,138
433,Product433,51,191
434,Product434,35,163
435,Product435,154,394
436,Product436,53,417
437,Product437,63,9
438,Product438,55,234
439,Product439,35,304
440,Product440,57,304
441,Product441,125,149
442,Product442,14,318
443,Product443,29,110
444,Product444,81,201
445,Product445,59,319
446,Product446,156,51
447,Product447,65,362
448,Product448,77,404
449,Product449,110,144
450,Product450,162,403
451,Product451,149,490
452,Product452,54,283
453,Product453,21,175
454,Product454,124,403
455,Product455,170,332
456,Product456,60,379
457,Product457,20,9
458,Product458,4,472
459,Product459,182,446
460,Product460,193,5
461,Product461,114,186
462,Product462,190,199
463,Product463,139,223
464,Product464,11,38
465,Product465,35,462
466,Product466,162,9
467,Product467,94,460
468,Product468,70,16
469,Product469,70,438
470,Product470,101,59
471,Product471,65,472
472,Product472,16,118
473,Product473,16,56
474,Product474,40,331
475,Product475,89,213
476,Product476,155,83
477,Product477,111,86
478,Product478,175,485
479,Product479,16,381
480,Product480,142,452
481,Product481,80,116
482,Product482,99,111
483,Product483,189,74
484,Product484,133,478
485,Product485,90,457
486,Product486,9,114
487,Product487,191,442
488,Product488,164,224
489,Product489,185,29
490,Product490,1,279
491,Product491,86,72
492,Product492,72,475
493,Product493,68,334
494,Product494,96,154
495,Product495,26,169
496,Product496,30,177
497,Product497,199,151
498,Product498,94,310
499,Product499,81,187
500,Product500,50,117
501,Product501,129,168
502,Product502,65,180
503,Product503,6,422
504,Product504,17,327
505,Product505,127,17
506,Product506,88,167
507,Product507,165,182
508,Product508,87,341
509,Product509,63,22
510,Product510,65,222
511,Product511,16,310
512,Product512,74,403
513,Product513,142,125
514,Product514,163,246
515,Product515,132,424
516,Product516,69,307
517,Product517,3,319
518,Product518,108,408
519,Product519,13,482
520,Product520,31,137
521,Product521,10,115
522,Product522,157,85
523,Product523,94,291
524,Product524,153,497
525,Product525,146,55
526,Product526,49,209
527,Product527,113,492
528,Product528,115,132
529,Product529,159,440
530,Product530,105,223
531,Product531,53,496
532,Product532,80,270
533,Product533,24,239
534,Product534,67,419
535,Product535,99,160
536,Product536,197,487
537,Product537,34,463
538,Product538,23,159
539,Product539,193,147
540,Product540,126,38
541,Product541,59,148
542,Product542,8,103
543,Product543,31,99
544,Product544,1,293
545,Product545,200,279
546,Product546,49,353
547,Product547,141,383
548,Product548,176,316
549,Product549,168,263
550,Product550,198,337
551,Product551,98,419
552,Product552,52,329
553,Product553,31,317
554,Product554,126,450
555,Product555,30,159
556,Product556,141,21
557,Product557,148,61
558,Product558,56,163
559,Product559,193,176
560,Product560,155,362
561,Product561,147,399
562,Product562,147,215
563,Product563,170,189
564,Product564,64,139
565,Product565,116,76
566,Product566,76,22
567,Product567,129,116
568,Product568,171,235
569,Product569,65,406
570,Product570,163,58
571,Product571,125,162
572,Product572,70,50
573,Product573,124,331
574,Product574,134,351
575,Product575,111,426
576,Product576,137,238
577,Product577,79,338
578,Product578,37,394
579,Product579,165,215
580,Product580,150,92
581,Product581,106,136
582,Product582,5,338
583,Product583,24,338
584,Product584,171,165
585,Product585,169,109
586,Product586,86,282
587,Product587,174,153
588,Product588,195,153
589,Product589,27,377
590,Product590,173,397
591,Product591,41,250
592,Product592,20,175
593,Product593,12,444
594,Product594,90,442
595,Product595,166,420
596,Product596,186,306
597,Product597,51,217
598,Product598,10,116
599,Product599,167,65
600,Product600,75,394
601,Product601,101,10
602,Product602,174,196
603,Product603,162,90
604,Product604,169,173
605,Product605,32,359
606,Product606,27,269
607,Product607,23,11
608,Product608,180,275
609,Product609,153,411
610,Product610,192,183
611,Product611,165,496
612,Product612,165,375
613,Product613,56,403
614,Product614,75,461
615,Product615,22,473
616,Product616,148,123
617,Product617,190,78
618,Product618,196,106
619,Product619,151,95
620,Product620,155,344
621,Product621,13,482
622,Product622,40,173
623,Product623,113,429
624,Product624,168,263
625,Product625,16,409
626,Product626,24,409
627,Product627,35,260
628,Product628,87,205
629,Product629,159,320
630,Product630,7,446
631,Product631,101,167
632,Product632,93,368
633,Product633,133,288
634,Product634,175,57
635,Product635,22,448
636,Product636,23,284
637,Product637,177,332
638,Product638,149,84
639,Product639,183,224
640,Product640,177,19
641,Product641,112,221
642,Product642,57,183
643,Product643,126,491
644,Product644,87,325
645,Product645,170,178
646,Product646,135,144
647,Product647,69,178
648,Product648,192,69
649,Product649,184,197
650,Product650,128,329
651,Product651,72,427
652,Product652,13,198
653,Product653,28,204
654,Product654,146,409
655,Product655,186,9
656,Product656,38,239
657,Product657,114,444
658,Product658,51,2
659,Product659,112,129
660,Product660,150,151
661,Product661,55,193
662,Product662,82,370
663,Product663,68,466
664,Product664,194,214
665,Product665,73,135
666,Product666,31,473
667,Product667,43,402
668,Product668,78,178
669,Product669,103,271
670,Product670,182,365
671,Product671,24,91
672,Product672,24,238
673,Product673,196,180
674,Product674,128,170
675,Product675,111,43
676,Product676,59,183
677,Product677,88,427
678,Product678,129,171
679,Product679,59,152
680,Product680,61,214
681,Product681,87,284
682,Product682,11,243
683,Product683,129,473
684,Product684,42,435
685,Product685,104,219
686,Product686,66,368
687,Product687,82,439
688,Product688,151,258
689,Product689,199,115
690,Product690,62,459
691,Product691,157,64
692,Product692,79,308
693,Product693,36,490
694,Product694,76,366
695,Product695,187,87
696,Product696,161,334
697,Product697,49,331
698,Product698,93,429
699,Product699,41,434
700,Product700,136,267
701,Product701,200,311
702,Product702,93,338
703,Product703,129,483
704,Product704,170,353
705,Product705,195,245
706,Product706,53,109
707,Product707,33,148
708,Product708,9,36
709,Product709,98,265
710,Product710,50,244
711,Product711,42,16
712,Product712,101,190
713,Product713,49,313
714,Product714,52,24
715,Product715,34,475
716,Product716,1,392
717,Product717,191,355
718,Product718,120,198
719,Product719,179,281
720,Product720,145,432
721,Product721,88,341
722,Product722,126,400
723,Product723,139,484
724,Product724,194,493
725,Product725,12,253
726,Product726,35,61
727,Product727,98,341
728,Product728,130,286
729,Product729,6,41
730,Product730,193,292
731,Product731,150,211
732,Product732,180,79
733,Product733,78,472
734,Product734,194,74
735,Product735,98,121
736,Product736,77,327
737,Product737,183,291
738,Product738,160,79
739,Product739,90,419
740,Product740,50,160
741,Product741,73,425
742,Product742,9,381
743,Product743,9,468
744,Product744,104,478
745,Product745,8,371
746,Product746,75,197
747,Product747,12,223
748,Product748,162,20
749,Product749,91,57
750,Product750,84,164
751,Product751,133,217
752,Product752,142,453
753,Product753,14,455
754,Product754,197,363
755,Product755,16,461
756,Product756,200,405
757,Product757,81,137
758,Product758,33,199
759,Product759,185,388
760,Product760,118,241
761,Product761,71,7
762,Product762,83,242
763,Product763,124,250
764,Product764,106,259
765,Product765,96,122
766,Product766,117,297
767,Product767,179,179
768,Product768,59,80
769,Product769,151,78
770,Product770,130,8
771,Product771,196,82
772,Product772,77,179
773,Product773,100,254
774,Product774,166,285
775,Product775,9,94
776,Product776,44,173
777,Product777,115,430
778,Product778,56,169
779,Product779,174,192
780,Product780,149,423
781,Product781,187,152
782,Product782,47,145
783,Product783,118,78
784,Product784,117,130
785,Product785,192,375
786,Product786,113,470
787,Product787,94,147
788,Product788,16,92
789,Product789,58,450
790,Product790,53,141
791,Product791,152,237
792,Product792,27,488
793,Product793,156,163
794,Product794,195,184
795,Product795,98,181
796,Product796,66,66
797,Product797,62,14
798,Product798,79,79
799,Product799,141,379
800,Product800,148,112
801,Product801,171,446
802,Product802,90,476
803,Product803,150,251
804,Product804,66,334
805,Product805,83,215
806,Product806,33,8
807,Product807,168,397
808,Product808,83,23
809,Product809,42,311
810,Product810,188,232
811,Product811,80,206
812,Product812,139,322
813,Product813,48,352
814,Product814,47,209
815,Product815,160,277
816,Product816,23,190
817,Product817,87,167
818,Product818,29,456
819,Product819,61,115
820,Product820,178,254
821,Product821,104,349
822,Product822,32,362
823,Product823,56,83
824,Product824,107,198
825,Product825,22,253
826,Product826,82,297
827,Product827,56,22
828,Product828,125,448
829,Product829,136,319
830,Product830,175,377
831,Product831,199,360
832,Product832,54,75
833,Product833,36,423
834,Product834,89,144
835,Product835,33,154
836,Product836,81,248
837,Product837,79,427
838,Product838,2,451
839,Product839,200,462
840,Product840,164,356
841,Product841,174,217
842,Product842,46,62
843,Product843,75,474
844,Product844,154,51
845,Product845,88,182
846,Product846,111,200
847,Product847,66,144
848,Product848,130,173
849,Product849,113,482
850,Product850,182,477
851,Product851,91,248
852,Product852,6,172
853,Product853,33,373
854,Product854,121,490
855,Product855,32,166
856,Product856,94,159
857,Product857,179,207
858,Product858,7,449
859,Product859,167,172
860,Product860,98,397
861,Product861,95,21
862,Product862,189,30
863,Product863,185,110
864,Product864,179,470
865,Product865,16,118
866,Product866,85,127
867,Product867,107,169
868,Product868,98,429
869,Product869,191,119
870,Product870,186,200
871,Product871,200,487
872,Product872,111,421
873,Product873,14,272
874,Product874,86,416
875,Product875,181,319
876,Product876,68,332
877,Product877,45,388
878,Product878,108,187
879,Product879,28,361
880,Product880,32,75
881,Product881,72,153
882,Product882,94,269
883,Product883,138,386
884,Product884,5,312
885,Product885,7,178
886,Product886,23,269
887,Product887,1,414
888,Product888,138,43
889,Product889,189,39
890,Product890,90,356
891,Product891,182,148
892,Product892,185,94
893,Product893,162,488
894,Product894,18,494
895,Product895,83,2
896,Product896,66,448
897,Product897,105,254
898,Product898,96,85
899,Product899,22,26
900,Product900,182,465
901,Product901,107,373
902,Product902,144,157
903,Product903,81,94
904,Product904,69,81
905,Product905,114,412
906,Product906,52,469
907,Product907,80,217
908,Product908,41,269
909,Product909,134,32
910,Product910,64,280
911,Product911,54,260
912,Product912,96,437
913,Product913,75,366
914,Product914,36,221
915,Product915,177,181
916,Product916,126,456
917,Product917,9,72
918,Product918,157,60
919,Product919,33,103
920,Product920,41,406
921,Product921,163,376
922,Product922,163,386
923,Product923,37,81
924,Product924,3,298
925,Product925,81,9
926,Product926,77,341
927,Product927,94,59
928,Product928,147,241
929,Product929,174,475
930,Product930,81,98
931,Product931,73,336
932,Product932,108,401
933,Product933,67,456
934,Product934,189,142
935,Product935,169,482
936,Product936,197,316
937,Product937,10,226
938,Product938,137,13
939,Product939,163,456
940,Product940,143,44
941,Product941,123,22
942,Product942,49,13
943,Product943,169,19
944,Product944,115,218
945,Product945,91,151
946,Product946,160,336
947,Product947,96,170
948,Product948,41,304
949,Product949,200,480
950,Product950,192,106
951,Product951,82,162
952,Product952,154,153
953,Product953,30,34
954,Product954,43,488
955,Product955,84,254
956,Product956,15,421
957,Product957,45,219
958,Product958,30,64
959,Product959,65,153
960,Product960,71,270
961,Product961,48,6
962,Product962,88,95
963,Product963,77,327
964,Product964,141,324
965,Product965,191,180
966,Product966,111,89
967,Product967,146,272
968,Product968,71,222
969,Product969,190,184
970,Product970,179,456
971,Product971,7,280
972,Product972,136,263
973,Product973,197,488
974,Product974,89,34
975,Product975,180,436
976,Product976,191,494
977,Product977,166,463
978,Product978,106,2
979,Product979,168,308
980,Product980,135,170
981,Product981,58,172
982,Product982,146,499
983,Product983,19,98
984,Product984,45,339
985,Product985,164,373
986,Product986,65,29
987,Product987,124,302
988,Product988,5,491
989,Product989,28,102
990,Product990,93,198
991,Product991,164,272
992,Product992,164,302
993,Product993,166,222
994,Product994,46,422
995,Product995,96,111
996,Product996,23,242
997,Product997,152,313
998,Product998,56,16
999,Product999,139,394
